sol_0,3
sol_1,0
sol_2,0
fitness,0.681445542304465
CF,1.3333333333333333
sol_0,0
sol_1,6
sol_2,0
fitness,1.0098311985195016
CF,1.0
